Symbol,Name,Last Sale,Net Change,% Change,Market Cap,Country,IPO Year,Volume,Sector,Industry
AAU,Almaden Minerals Ltd. Common Shares,$0.318,-0.0009,-0.282%,43636408.00,Canada,2015,196663,,
ACU,Acme United Corporation. Common Stock,$31.47,-1.65,-4.982%,112023350.00,United States,1988,5792,Consumer Durables,Home Furnishings
ACY,AeroCentury Corp. Common Stock,$35.00,0.01,0.029%,154588385.00,United States,,36527,Technology,Diversified Commercial Services
ADRA,Adara Acquisition Corp. Class A Common Stock,$9.80,0.0191,0.195%,140875000.00,United States,2021,401,,
AE,Adams Resources & Energy Inc. Common Stock,$28.14,-0.41,-1.436%,122549728.00,United States,,1218,Energy,Oilfield Services/Equipment
AEF,Aberdeen Emerging Markets Equity Income Fund Inc. Common Stock,$8.11,0.08,0.996%,411596920.00,United States,,12661,Finance,Finance/Investors Services
AGE,AgeX Therapeutics Inc. Common Stock,$0.6026,0.0056,0.938%,22862147.00,,2018,23530,Health Care,Biotechnology: Pharmaceutical Preparations
AIM,AIM ImmunoTech Inc. Common Stock,$1.38,0.05,3.759%,54772217.00,United States,,135684,Health Care,Biotechnology: Biological Products (No Diagnostic Substances)
AINC,Ashford Inc. (Holding Company) Common Stock,$17.13,1.22,7.668%,51778337.00,United States,2014,9729,Finance,Investment Managers
AIRI,Air Industries Group Common Stock,$1.02,0.0321,3.249%,32770566.00,United States,,84860,Capital Goods,Military/Government/Technical
AMBO,Ambow Education Holding Ltd. American Depository Shares each representing two Class A ordinary shares,$1.05,-0.02,-1.869%,24402354.00,China,,8360,Miscellaneous,Service to the Health Industry
AMPE,Ampio Pharmaceuticals Inc.,$1.055,0.005,0.476%,213246819.00,United States,,308574,Health Care,Biotechnology: Pharmaceutical Preparations
AMS,American Shared Hospital Services Common Stock,$2.6047,-0.0253,-0.962%,15284380.00,United States,,4216,Health Care,Medical Specialities
APT,Alpha Pro Tech Ltd. Common Stock,$5.29,0.01,0.189%,69999348.00,Canada,,90306,,
ARMP,Armata Pharmaceuticals Inc. Common Stock,$4.72,-0.18,-3.673%,127847331.00,United States,,3445,Health Care,Biotechnology: Biological Products (No Diagnostic Substances)
ASM,Avino Silver & Gold Mines Ltd. Common Shares (Canada),$0.8583,0.005,0.586%,87755348.00,Canada,,164405,,
ASXC,Asensus Surgical Inc. Common Stock,$1.385,-0.005,-0.36%,324629775.00,United States,,2117220,Health Care,Medical/Dental Instruments
ATNM,Actinium Pharmaceuticals Inc. (Delaware) Common Stock,$7.22,0.17,2.411%,159062650.00,United States,,30005,Health Care,Biotechnology: Pharmaceutical Preparations
AUMN,Golden Minerals Company Common Stock,$0.3846,0.0146,3.946%,62614654.00,United States,,249703,Basic Industries,Metal Mining
AWX,Avalon Holdings Corporation Common Stock,$3.6945,0.0945,2.625%,14406448.00,United States,,1108,Public Utilities,Environmental Services
AXU,Alexco Resource Corp Common Shares (Canada),$1.7888,-0.0012,-0.067%,269944808.00,Canada,,148195,,
BATL,Battalion Oil Corporation Common Stock,$10.59,0.39,3.824%,172340739.00,,,2159,Energy,Oil & Gas Production
BCV,Bancroft Fund Ltd.,$26.395,0.235,0.898%,145641961.00,United States,,12127,Finance,Finance/Investors Services
BCV^A,Bancroft Fund Limited 5.375% Series A Cumulative Preferred Shares,$25.585,-0.015,-0.059%,,United States,,400,,
BDL,Flanigan's Enterprises Inc. Common Stock,$32.95,0.05,0.152%,61242419.00,United States,,216,Consumer Services,Restaurants
BDR,Blonder Tongue Laboratories Inc. Common Stock,$0.895,0.025,2.874%,11096000.00,United States,,30358,Technology,Radio And Television Broadcasting And Communications Equipment
BGI,Birks Group Inc. Common Stock,$5.11,-0.08,-1.541%,93660899.00,Canada,,148059,,
BHB,Bar Harbor Bankshares Inc. Common Stock,$28.9496,-0.3904,-1.331%,433861460.00,United States,,2738,Finance,Major Banks
BKTI,BK Technologies Corporation Common Stock,$2.00,0.03,1.523%,33628672.00,United States,,31412,Technology,Radio And Television Broadcasting And Communications Equipment
BMTX,BM Technologies Inc. Common Stock,$10.75,-0.53,-4.699%,131218564.00,,2018,118645,Technology,EDP Services
BRBS,Blue Ridge Bankshares Inc. Common Stock,$18.08,-0.03,-0.166%,339450771.00,,,5722,Finance,Commercial Banks
BRG,Bluerock Residential Growth REIT Inc. Class A Common Stock,$14.64,0.47,3.317%,385723169.00,,2014,75571,Consumer Services,Real Estate Investment Trusts
BRG^C,Bluerock Residential Growth REIT Inc. 7.625% Series C Cumulative Redeemable Preferred Stock,$25.41,0.01,0.039%,,,,4096,,
BRG^D,Bluerock Residential Growth REIT Inc. 7.125% Series D Cumulative Preferred Stock ($0.01 par value per share),$25.35,-0.0015,-0.006%,,,,371,,
BRN,Barnwell Industries Inc. Common Stock,$2.54,-0.04,-1.55%,23990673.00,United States,,7800,Energy,Oil & Gas Production
BTG,B2Gold Corp Common shares (Canada),$3.855,0.045,1.181%,4069278610.00,Canada,,6319461,,
BTN,Ballantyne Strong Inc. Common Stock,$3.04,-0.04,-1.299%,56164055.00,United States,,37633,Miscellaneous,Industrial Machinery/Components
BTTR,Better Choice Company Inc. Common Stock,$3.39,-0.06,-1.739%,99128065.00,,2021,53120,Consumer Non-Durables,Food Distributors
CANF,Can-Fite Biopharma Ltd Sponsored ADR (Israel),$1.0499,0.06,6.061%,21067863.00,Israel,,109490,Health Care,Biotechnology: Pharmaceutical Preparations
CCF,Chase Corporation Common Stock,$102.97,0.74,0.724%,973837642.00,United States,,7145,Basic Industries,Paints/Coatings
CDOR,Condor Hospitality Trust Inc. Common Stock,$7.2911,0.0211,0.29%,107343417.00,United States,,8752,Consumer Services,Real Estate Investment Trusts
CEI,Camber Energy Inc. Common Stock,$1.15,0.03,2.679%,287500000.00,United States,,17488523,Energy,Oil & Gas Production
CET,Central Securities Corporation Common Stock,$40.61,0.01,0.025%,1065764901.00,United States,,26889,Finance,Finance/Investors Services
CEV,Eaton Vance California Municipal Income Trust Shares of Beneficial Interest,$13.99,0.23,1.672%,99798714.00,United States,1999,18165,Finance,Finance/Investors Services
CIK,Credit Suisse Asset Management Income Fund Inc. Common Stock,$3.45,-0.03,-0.862%,180539518.00,United States,,72390,Finance,Finance/Investors Services
CIX,CompX International Inc. Common Stock,$22.4945,0.6245,2.856%,279059051.00,United States,1998,1395,Miscellaneous,Diversified Manufacture
CKX,CKX Lands Inc. Common Stock,$11.182,-0.328,-2.85%,21720979.00,United States,,283,Energy,Oil & Gas Production
CLM,Cornerstone Strategic Value Fund Inc. New Common Stock,$13.9799,-0.1401,-0.992%,1647932536.00,United States,1987,1311514,Finance,Finance/Investors Services
CMCL,Caledonia Mining Corporation Plc Common Shares,$11.85,-0.15,-1.25%,151165781.00,Canada,,6108,Basic Industries,Precious Metals
CMT,Core Molding Technologies Inc Common Stock,$8.38,0.03,0.359%,67737878.00,United States,,1667,Consumer Durables,Electronic Components
COHN,Cohen & Company Inc.,$16.4517,-0.0483,-0.293%,26988076.00,United States,,3930,Finance,Investment Managers
CPHI,China Pharma Holdings Inc. Common Stock,$0.519,-0.0009,-0.173%,24569230.00,China,,59731,Health Care,Biotechnology: Pharmaceutical Preparations
CQP,Cheniere Energy Partners LP Cheniere Energy Partners LP Common Units,$40.54,-0.30,-0.735%,19622398756.00,United States,2007,35519,Public Utilities,Oil/Gas Transmission
CRF,Cornerstone Total Return Fund Inc. (The) Common Stock,$13.4293,-0.1007,-0.744%,835656094.00,United States,,657364,Finance,Finance/Investors Services
CTEK,CynergisTek Inc. Common Stock,$1.465,-0.125,-7.862%,19317560.00,United States,2017,108159,Technology,Retail: Computer Software & Peripheral Equipment
CTGO,Contango ORE Inc. Common Stock,$26.134,-0.326,-1.232%,174725286.00,,2021,683,Basic Industries,Precious Metals
CVM,Cel-Sci Corporation Common Stock,$9.77,-0.15,-1.512%,420385026.00,United States,,717356,Health Care,Biotechnology: Biological Products (No Diagnostic Substances)
CVR,Chicago Rivet & Machine Co. Common Stock,$25.6475,0.4575,1.816%,24778870.00,United States,,1352,Consumer Non-Durables,Industrial Specialties
CVU,CPI Aerostructures Inc. Common Stock,$2.60,-0.01,-0.383%,32012102.00,United States,,9917,Capital Goods,Military/Government/Technical
CYBN,Cybin Inc. Common Shares,$1.24,-0.06,-4.615%,200093789.00,,,1135027,,
DHY,Credit Suisse High Yield Bond Fund Common Stock,$2.4899,-0.0001,-0.004%,257723080.00,United States,1998,65904,Finance,Finance/Investors Services
DIT,AMCON Distributing Company Common Stock,$187.75,0.75,0.401%,109418635.00,United States,,832,Consumer Non-Durables,Food Distributors
DLA,Delta Apparel Inc. Common Stock,$28.91,-0.57,-1.934%,201637421.00,United States,,5140,Consumer Non-Durables,Department/Specialty Retail Stores
DMF,BNY Mellon Municipal Income Inc. Common Stock,$8.74,0.02,0.229%,181401593.00,United States,1988,16036,Finance,Finance/Investors Services
DNN,Denison Mines Corp Ordinary Shares (Canada),$1.5473,-0.0127,-0.814%,1249231964.00,Canada,,3714504,,
DPW,Ault Global Holdings Inc. Common Stock,$1.725,0.105,6.481%,141320603.00,United States,,1443736,Capital Goods,Industrial Machinery/Components
DSS,DSS Inc. Common Stock,$0.8143,0.0337,4.317%,64937075.00,United States,,300607,Consumer Services,Recreational Products/Toys
DXF,Dunxin Financial Holdings Limited American Depositary Shares,$1.03,-0.0098,-0.942%,21505563.00,China,,85702,Consumer Non-Durables,Apparel
DXR,Daxor Corporation Common Stock,$11.00,0.18,1.664%,44372647.00,United States,,499,Health Care,Medical/Dental Instruments
EAD,Allspring Income Opportunities Fund Common Shares,$8.82,0.00,0.00%,534370407.00,United States,2003,97980,Finance,Finance/Investors Services
ECF,Ellsworth Growth and Income Fund Ltd.,$12.27,0.11,0.905%,165638350.00,United States,1986,26560,Finance,Finance/Investors Services
ECF^A,Ellsworth Growth and Income Fund Ltd. 5.25% Series A Cumulative Preferred Shares (Liquidation Preference $25.00 per share),$26.11,0.00,0.00%,,United States,,1,,
EIM,Eaton Vance Municipal Bond Fund Common Shares of Beneficial Interest $.01 par value,$13.44,0.06,0.448%,967050793.00,United States,2002,22559,Finance,Finance/Investors Services
ELA,Envela Corporation Common Stock,$4.189,0.194,4.856%,112786232.00,United States,,42734,Consumer Services,Consumer Specialties
ELLO,Ellomay Capital Ltd Ordinary Shares (Israel),$30.45,0.00,0.00%,390960552.00,Israel,,2,Public Utilities,Electric Utilities: Central
ELMD,Electromed Inc. Common Stock,$12.73,0.23,1.84%,109091504.00,United States,2011,417,Health Care,Biotechnology: Electromedical & Electrotherapeutic Apparatus
EMAN,eMagin Corporation Common Stock,$1.605,0.035,2.229%,116650896.00,United States,,480783,Capital Goods,Industrial Machinery/Components
EMX,EMX Royalty Corporation Common Shares (Canada),$2.543,0.013,0.514%,267910673.00,Canada,,47710,,
ENSV,Enservco Corporation Common Stock,$1.03,0.042,4.251%,11775253.00,United States,,111409,Energy,Oilfield Services/Equipment
ENX,Eaton Vance New York Municipal Bond Fund Common Shares of Beneficial Interest $.01 par value,$12.065,0.035,0.291%,218597217.00,United States,2002,29885,Finance,Finance/Investors Services
EPM,Evolution Petroleum Corporation Inc. Common Stock,$5.29,0.18,3.523%,177911952.00,United States,,66304,Energy,Oil & Gas Production
EQX,Equinox Gold Corp. Common Shares,$6.91,0.00,0.00%,2077679756.00,Canada,,450851,,
ERC,Allspring Multi-Sector Income Fund Common Stock,$13.25,0.02,0.151%,371895687.00,United States,2003,28975,Finance,Finance/Investors Services
ERH,Allspring Utilities and High Income Fund Common Shares,$14.9275,-0.0225,-0.151%,138619452.00,,2004,4320,Finance,Finance/Investors Services
ESP,Espey Mfg. & Electronics Corp. Common Stock,$14.48,0.15,1.047%,35171746.00,United States,,1550,Capital Goods,Industrial Machinery/Components
EVBN,Evans Bancorp Inc. Common Stock,$39.93,0.21,0.529%,218290242.00,United States,,550,Finance,Major Banks
EVI,EVI Industries Inc.  Common Stock,$31.01,-0.08,-0.257%,409633045.00,United States,,3704,Capital Goods,Industrial Machinery/Components
EVM,Eaton Vance California Municipal Bond Fund Common Shares of Beneficial Interest $.01 par value,$11.71,0.02,0.171%,292683710.00,United States,2002,24271,Finance,Finance/Investors Services
EVV,Eaton Vance Limited Duration Income Fund Common Shares of Beneficial Interest,$13.14,-0.02,-0.152%,1526477190.00,United States,2003,172202,Finance,Finance/Investors Services
EXN,Excellon Resources Inc. Common Shares,$1.2284,0.0284,2.367%,40604627.00,,2020,800,,
FAX,Aberdeen Asia-Pacific Income Fund Inc Common Stock,$3.895,-0.055,-1.392%,964775020.00,United States,1986,2454547,Finance,Investment Managers
FCO,Aberdeen Global Income Fund Inc. Common Stock,$7.4085,-0.1415,-1.874%,64767478.00,United States,1992,86314,Finance,Investment Managers
FEN,First Trust Energy Income and Growth Fund,$13.54,0.02,0.148%,263293018.00,United States,2004,23880,Finance,Finance/Investors Services
FRD,Friedman Industries Inc. Common Stock,$9.77,-0.12,-1.213%,67467096.00,United States,,12480,Basic Industries,Steel/Iron Ore
FSI,Flexible Solutions International Inc. Common Stock (CDA),$3.52,0.03,0.86%,43391906.00,Canada,,19378,Capital Goods,Recreational Products/Toys
FSP,Franklin Street Properties Corp. Common Stock,$6.56,0.16,2.50%,692950676.00,United States,,209166,Consumer Services,Real Estate Investment Trusts
FTF,Franklin Limited Duration Income Trust Common Shares of Beneficial Interest,$8.85,0.04,0.454%,266798826.00,United States,2003,61997,Finance,Finance/Investors Services
FTSI,FTS International Inc. Class A Common Stock,$26.225,0.085,0.325%,368798267.00,United States,2020,459579,Energy,Oilfield Services/Equipment
FURY,Fury Gold Mines Limited Common Shares,$0.6868,0.0568,9.016%,86119351.00,,2020,236417,,
GAU,Galiano Gold Inc.,$0.7273,-0.0067,-0.913%,163601373.00,Canada,,13953,,
GBR,New Concept Energy Inc Common Stock,$2.86,0.12,4.38%,14677331.00,United States,,72795,Consumer Services,Real Estate
GDP,Goodrich Petroleum Corporation Common Stock,$22.945,0.015,0.065%,330203881.00,United States,2017,61142,Energy,Oil & Gas Production
GGN,GAMCO Global Gold Natural Resources & Income Trust,$3.7933,-0.0067,-0.176%,584308302.00,United States,2005,173867,Finance,Finance/Investors Services
GGN^B,GAMCO Global Gold Natural Reources & Income Trust 5.00% Series B Cumulative 25.00 Liquidation Preference,$25.3833,-0.0267,-0.105%,,United States,,1841,,
GLDG,GoldMining Inc. Common Shares,$1.2146,-0.0454,-3.603%,181877690.00,,,133166,,
GLO,Clough Global Opportunities Fund Common Stock,$11.70,-0.04,-0.341%,465929591.00,United States,2006,103264,Finance,Finance/Investors Services
GLQ,Clough Global Equity Fund Clough Global Equity Fund Common Shares of Beneficial Interest,$14.33,-0.03,-0.209%,252960196.00,United States,2005,24385,Finance,Finance/Investors Services
GLTA,Galata Acquisition Corp. Class A Ordinary Shares,$9.93,0.00,0.00%,178429688.00,,2021,101,,
GLU,Gabelli Global Utility Common Shares of Beneficial Ownership,$20.54,0.69,3.476%,110404328.00,United States,2004,8731,Finance,Finance/Investors Services
GLU^A,The Gabelli Global Utility and Income Trust Series A Cumulative Puttable and Callable Preferred Shares,$47.24,0.00,0.00%,,United States,,10,,
GLU^B,The Gabelli Global Utility and Income Trust Series B Cumulative Puttable and Callable Preferred Shares,$51.5432,0.00,0.00%,,United States,,97,,
GLV,Clough Global Dividend and Income Fund Common Shares of beneficial interest,$10.935,-0.005,-0.046%,122892123.00,United States,2004,47909,Finance,Finance/Investors Services
GOED,1847 Goedeker Inc. Commom Stock,$2.10,-0.05,-2.326%,223413397.00,United States,2020,1125919,Capital Goods,Recreational Products/Toys
GORO,Gold Resource Corporation Common Stock,$1.865,-0.015,-0.798%,139094831.00,United States,,299076,Basic Industries,Precious Metals
GPL,Great Panther Mining Limited Ordinary Shares (Canada),$0.2615,0.0015,0.577%,116480707.00,Canada,,965795,,
GRF,Eagle Capital Growth Fund Inc. Common Stock,$8.50,-0.03,-0.352%,34503345.00,United States,,2940,Finance,Finance/Investors Services
GROY,Gold Royalty Corp. Common Shares,$4.9201,0.1001,2.077%,658309380.00,,2021,148836,,
GSAT,Globalstar Inc. Common Stock,$1.375,0.055,4.167%,2465375000.00,United States,2006,3312897,Consumer Services,Telecommunications Equipment
GSS,Golden Star Resources Ltd Common Stock,$3.74,-0.02,-0.532%,432811676.00,United States,,397590,,
GSV,Gold Standard Ventures Corporation Common Stock (Canada),$0.4208,-0.0192,-4.364%,150633882.00,Canada,,315895,,
GTE,Gran Tierra Energy Inc. Common Stock,$0.761,0.0009,0.118%,279396965.00,Canada,,1107436,Energy,Oil & Gas Production
HMG,HMG/Courtland Properties Inc. Common Stock,$22.00,0.00,0.00%,22370656.00,United States,,99,Consumer Services,Real Estate Investment Trusts
HNW,Pioneer Diversified High Income Fund Inc.,$15.432,0.012,0.078%,128591615.00,United States,2007,5873,Finance,Finance/Investors Services
HUSA,Houston American Energy Corporation Common Stock,$1.64,0.02,1.235%,16282474.00,United States,,23812,Energy,Oil & Gas Production
HWM^,Howmet Aerospace Inc. $3.75 Preferred Stock,$76.60,0.00,0.00%,,United States,,146,,
IAF,Aberdeen Australia Equity Fund Inc Common Stock,$5.93,0.02,0.338%,139326127.00,United States,,53327,Finance,Finance/Investors Services
IBIO,iBio Inc. Common Stock,$0.70,-0.0112,-1.575%,152570316.00,United States,,1059769,Health Care,Biotechnology: Pharmaceutical Preparations
ID,PARTS iD Inc. Class A Common Stock,$2.628,0.198,8.148%,87179842.00,United States,2017,57082,Miscellaneous,Diversified Commercial Services
IDW,IDW Media Holdings Class B Common Stock,$2.6838,0.1838,7.352%,34793964.00,,2021,6842,Consumer Services,Newspapers/Magazines
IGC,India Globalization Capital Inc. Common Stock,$1.2501,0.0201,1.634%,63818876.00,United States,,295268,Technology,Engineering & Construction
IHT,InnSuites Hospitality Trust Shares of Beneficial Interest,$2.6899,0.1899,7.596%,24533852.00,United States,,21945,Consumer Services,Real Estate Investment Trusts
IMH,Impac Mortgage Holdings Inc. Common Stock ,$1.23,0.10,8.85%,26239201.00,United States,1997,38716,Finance,Finance: Consumer Services
IMO,Imperial Oil Limited Common Stock,$35.23,0.04,0.114%,24506387367.00,Canada,,138003,,
INDO,Indonesia Energy Corporation Limited Ordinary Shares,$3.17,-0.18,-5.373%,23594167.00,,2019,10611,Energy,Oil & Gas Production
INFU,InfuSystems Holdings Inc. Common Stock,$17.72,0.99,5.918%,365908201.00,United States,,52552,Health Care,Medical/Dental Instruments
INTT,inTest Corporation Common Stock,$14.9261,0.2961,2.024%,162297336.00,United States,1997,43009,Technology,Semiconductors
INUV,Inuvo Inc.,$0.6046,0.0415,7.37%,71794706.00,United States,,438114,Technology,Advertising
IOR,Income Opportunity Realty Investors Inc. Common Stock,$11.89,-0.4657,-3.769%,49562442.00,United States,,308,Finance,Diversified Financial Services
ISDR,Issuer Direct Corporation Common Stock,$31.22,0.57,1.86%,118356206.00,United States,,600,Technology,EDP Services
ISR,IsoRay Inc. Common Stock (DE),$0.4684,0.0042,0.905%,66473111.00,United States,,119067,Health Care,Medical/Dental Instruments
ITP,IT Tech Packaging Inc. Common Stock,$0.2861,-0.0008,-0.279%,28338176.00,China,,526398,Basic Industries,Paper
ITRG,Integra Resources Corp. Common Shares,$2.2819,0.0119,0.524%,141722659.00,,,14627,,
JOB,GEE Group Inc. Common Stock,$0.4308,0.0008,0.186%,49154476.00,United States,,332310,Technology,Diversified Commercial Services
KIQ,Kelso Technologies Inc Ordinary Shares,$0.5003,0.0032,0.644%,27151324.00,Canada,,66771,,
KULR,KULR Technology Group Inc. Common Stock,$3.1588,-0.0612,-1.901%,330843570.00,United States,,554517,,
LCTX,Lineage Cell Therapeutics Inc. Common Stock,$2.235,-0.065,-2.826%,335208311.00,United States,,335642,Health Care,Biotechnology: Biological Products (No Diagnostic Substances)
LEU,Centrus Energy Corp. Class A Common Stock,$59.55,3.06,5.417%,834730394.00,United States,2014,103302,,
LGL,LGL Group Inc. (The) Common Stock,$11.37,0.145,1.292%,60035919.00,United States,,1032,Capital Goods,Industrial Machinery/Components
LNG,Cheniere Energy Inc. Common Stock,$105.795,-0.765,-0.718%,26828390385.00,United States,,1208281,Public Utilities,Oil/Gas Transmission
LODE,Comstock Mining Inc. Common Stock,$1.63,0.08,5.161%,106434288.00,United States,,281488,Finance,Real Estate
LOV,Spark Networks Inc. American Depositary Shares (each representing one-tenth of an Ordinary Share),$3.40,-0.01,-0.293%,88907076.00,United States,2017,33864,Miscellaneous,Other Consumer Services
LSF,Laird Superfood Inc. Common Stock,$12.95,-0.04,-0.308%,117251579.00,,2020,3143,Consumer Non-Durables,Specialty Foods
LXFR,Luxfer Holdings PLC Ordinary Shares,$19.28,-0.16,-0.823%,534150819.00,United Kingdom,2012,10168,Capital Goods,Metal Fabrications
MAG,MAG Silver Corporation Ordinary Shares,$15.52,-0.06,-0.385%,1516680391.00,Canada,,119268,,
MHH,Mastech Digital Inc Common Stock,$17.35,0.00,0.00%,198449526.00,United States,,61,Consumer Services,Professional Services
MIMO,Airspan Networks Holdings Inc. Common Stock,$5.44,0.84,18.261%,391812937.00,,2020,90141,Consumer Services,Telecommunications Equipment
MITQ,Moving iMage Technologies Inc. Common Stock,$2.2235,0.0835,3.902%,23649764.00,United States,2021,193943,Capital Goods,Telecommunications Equipment
MLSS,Milestone Scientific Inc. Common Stock,$2.0638,0.0838,4.232%,140020430.00,United States,2015,96333,Health Care,Industrial Specialties
MMX,Maverix Metals Inc. Common Shares,$4.47,-0.06,-1.325%,651928737.00,,,30724,,
MSN,Emerson Radio Corporation Common Stock,$0.9798,0.0067,0.689%,20617590.00,United States,,162637,Consumer Non-Durables,Consumer Electronics/Appliances
MTA,Metalla Royalty & Streaming Ltd. Common Shares,$7.11,-0.16,-2.201%,312424449.00,,,83774,,
MTNB,Matinas Biopharma Holdings Inc. Common Stock,$1.13,0.12,11.881%,244359707.00,United States,2017,890882,Health Care,Biotechnology: Pharmaceutical Preparations
MXC,Mexco Energy Corporation Common Stock,$9.3599,0.1481,1.608%,19858582.00,United States,,1266,Energy,Oil & Gas Production
MYO,Myomo Inc. Common Stock,$8.39,0.20,2.442%,57553747.00,United States,2017,6630,Health Care,Industrial Specialties
NAK,Northern Dynasty Minerals Ltd. Common Stock,$0.373,-0.0019,-0.507%,197593687.00,Canada,,1393077,,
NAVB,Navidea Biopharmaceuticals Inc. Common Stock,$1.205,0.075,6.637%,36377132.00,United States,,21497,Health Care,Biotechnology: In Vitro & In Vivo Diagnostic Substances
NBH,Neuberger Berman Municipal Fund Inc. Common Stock,$15.29,0.02,0.131%,287899936.00,United States,2002,12668,Finance,Finance/Investors Services
NBO,Neuberger Berman New York Municipal Fund Inc. Common Stock,$12.7301,0.0501,0.395%,64636026.00,United States,2002,6260,Finance,Finance/Investors Services
NBW,Neuberger Berman California Municipal Fund Inc Common Stock,$13.78,0.04,0.291%,76493386.00,United States,2002,12860,Finance,Finance/Investors Services
NBY,NovaBay Pharmaceuticals Inc. Common Stock,$0.5098,0.0398,8.468%,22912127.00,United States,2007,476759,Health Care,Biotechnology: Pharmaceutical Preparations
NEN,New England Realty Associates Limited Partnership Class A Depositary Receipts Evidencing Units of Limited Partnership,$63.75,0.00,0.00%,232859370.00,United States,,4,Finance,Real Estate
NES,Nuverra Environmental Solutions Inc. Common Stock,$1.4401,0.0101,0.706%,23343475.00,United States,2017,5243,Public Utilities,Water Supply
NEWP,New Pacific Metals Corp. Common Shares,$2.981,-0.059,-1.941%,463723648.00,,2021,87088,,
NFGC,New Found Gold Corp Common Shares,$5.7544,-0.1256,-2.136%,944828701.00,,2021,20753,,
NG,Novagold Resources Inc.,$7.015,0.045,0.646%,2326718034.00,Canada,,231909,,
NGD,New Gold Inc.,$1.48,-0.01,-0.671%,1007732000.00,Canada,,4306737,,
NHC,National HealthCare Corporation Common Stock,$67.09,0.20,0.299%,1034751881.00,United States,,5664,Health Care,Hospital/Nursing Management
NHS,Neuberger Berman High Yield Strategies Fund,$12.78,0.01,0.078%,187372270.00,United States,,19222,Finance,Trusts Except Educational Religious and Charitable
NML,Neuberger Berman MLP and Energy Income Fund Inc. Common Stock,$5.24,0.03,0.576%,296892783.00,,2013,162210,Finance,Finance/Investors Services
NNVC,NanoViricides Inc. Common Stock,$4.67,0.18,4.009%,53821750.00,United States,,34380,Health Care,Biotechnology: Pharmaceutical Preparations
NOG,Northern Oil and Gas Inc. Common Stock,$20.24,0.10,0.497%,1562428601.00,United States,,449067,Energy,Oil & Gas Production
NRO,Neuberger Berman Real Estate Securities Income Fund Inc. Neuberger Berman Real Estate Securities Income Fund Inc.,$5.1186,0.0286,0.562%,242838228.00,United States,2003,68630,Finance,Finance/Investors Services
NTIP,Network-1 Technologies Inc. Common Stock,$2.765,-0.005,-0.181%,66635474.00,United States,,3687,,
NXE,Nexgen Energy Ltd. Common Shares,$4.675,0.015,0.322%,2229093365.00,,,742950,,
OGEN,Oragenics Inc. Common Stock,$0.487,-0.0001,-0.021%,56684271.00,United States,,1135326,Health Care,Biotechnology: Pharmaceutical Preparations
OPTT,Ocean Power Technologies Inc. Common Stock,$1.7592,0.0192,1.103%,98221718.00,United States,2007,221587,Capital Goods,Industrial Machinery/Components
ORLA,Orla Mining Ltd. Common Shares,$4.57,0.06,1.33%,1131531790.00,,2020,11538,,
OZ,Belpointe PREP LLC Class A Units,$100.05,-0.02,-0.02%,0.00,,,6498,,
PCG^A,Pacific Gas & Electric Co. 6% Preferred Stock,$29.365,0.00,0.00%,,United States,,11,,
PCG^B,Pacific Gas & Electric Co. 5 1/2% Preferred Stock,$27.02,0.00,0.00%,,United States,,2,,
PCG^C,Pacific Gas & Electric Co. 5% 1st Preferred Stock,$25.20,-0.80,-3.077%,,United States,,727,,
PCG^E,Pacific Gas & Electric Co. 5% 1st A Preferred Stock,$24.25,0.29,1.21%,,United States,,1675,,
PCG^G,Pacific Gas & Electric Co. 4.80% 1st Preferred Stock,$23.25,0.00,0.00%,,United States,,800,,
PCG^H,Pacific Gas & Electric Co. 4.50% 1st Preferred Stock,$22.10,0.0999,0.454%,,United States,,541,,
PCG^I,Pacific Gas & Electric Co. 4.36% 1st Preferred Stock,$23.00,0.00,0.00%,,United States,,60,,
PED,Pedevco Corp. Common Stock,$1.2301,0.0101,0.828%,103586971.00,United States,,701773,,
PHGE,BiomX Inc. COmmon Stock,$1.82,0.03,1.676%,52017837.00,,2019,55244,Health Care,Biotechnology: Pharmaceutical Preparations
PLAG,Planet Green Holdings Corp. Common Stock,$1.07,0.0079,0.744%,31759665.00,China,,8921,,
PLG,Platinum Group Metals Ltd. Ordinary Shares (Canada),$2.11,0.01,0.476%,168220961.00,Canada,,212599,,
PLM,Polymet Mining Corporation Ordinary Shares (Canada),$3.04,0.02,0.662%,306667053.00,Canada,,57549,,
PLX,Protalix BioTherapeutics Inc. (DE) Common Stock,$0.8804,-0.012,-1.345%,40108072.00,Israel,,146919,Health Care,Biotechnology: Biological Products (No Diagnostic Substances)
PLYM^A,Plymouth Industrial REIT Inc. 7.50% Series A Cumulative Redeemable Preferred Stock,$26.59,0.00,0.00%,,United States,,52,,
PRK,Park National Corporation Common Stock,$133.0101,-0.8399,-0.627%,2157366894.00,United States,,6633,Finance,Major Banks
PTN,Palatin Technologies Inc. Common Stock,$0.6001,-0.0185,-2.991%,138830298.00,United States,,3725712,Health Care,Biotechnology: Pharmaceutical Preparations
PW,Power REIT (MD) Common Stock,$57.13,1.25,2.237%,189810597.00,United States,,7655,Consumer Services,Real Estate Investment Trusts
PW^A,Power REIT 7.75% Series A Cumulative Perpetual Preferred Stock,$27.01,0.00,0.00%,,United States,,4,,
PZG,Paramount Gold Nevada Corp. Common Stock,$0.7305,0.0155,2.168%,29603623.00,United States,2015,5793,Basic Industries,Precious Metals
RCG,RENN Fund Inc Common Stock,$2.989,0.009,0.302%,17790396.00,United States,,123931,Finance,Investment Managers
RCOR,Renovacor Inc. Common Stock,$9.05,-0.02,-0.221%,156167180.00,,2020,14756,Health Care,Biotechnology: Pharmaceutical Preparations
REI,Ring Energy Inc. Common Stock,$2.505,0.045,1.829%,249598606.00,United States,,690072,Energy,Oil & Gas Production
REPX,Riley Exploration Permian Inc. Common Stock,$17.625,0.015,0.085%,342789154.00,United States,,12519,Energy,Oil & Gas Production
RHE,Regional Health Properties Inc. Common Stock,$5.5268,0.2068,3.887%,9807887.00,,2017,33119,Health Care,Hospital/Nursing Management
RHE^A,Regional Health Properties Inc. 10.875% Series A Cumulative Redeemable Preferred Stock,$4.3893,-0.0107,-0.243%,,,,1002,,
RLGT,Radiant Logistics Inc. Common Stock,$7.56,-0.24,-3.077%,375923759.00,United States,,32537,Transportation,Oil Refining/Marketing
RMED,Ra Medical Systems Inc. Common Stock,$2.00,0.15,8.108%,14059530.00,,2018,81954,Health Care,Medical/Dental Instruments
RVP,Retractable Technologies Inc. Common Stock,$7.62,-0.06,-0.781%,257283836.00,United States,,30107,Health Care,Medical/Dental Instruments
SACC,Sachem Capital Corp. 6.875% Notes due 2024,$25.46,0.00,0.00%,0.00,United States,2019,499,Consumer Services,Real Estate Investment Trusts
SACH,Sachem Capital Corp. Common Shares,$5.61,0.08,1.447%,165176453.00,United States,2017,89670,Consumer Services,Real Estate Investment Trusts
SACH^A,Sachem Capital Corp. 7.75% Series A Cumulative Redeemable Preferred Stock,$25.5117,-0.0383,-0.15%,,United States,,1537,,
SBEV,Splash Beverage Group Inc. (NV) Common Stock,$1.39,0.01,0.725%,45340042.00,,2021,59815,Consumer Non-Durables,Beverages (Production/Distribution)
SCCB,Sachem Capital Corp. 7.125% Notes due 2024,$25.5066,0.0166,0.065%,0.00,United States,2019,1608,Consumer Services,Real Estate Investment Trusts
SCCC,Sachem Capital Corp. 7.75% Notes due 2025,$26.00,0.00,0.00%,0.00,United States,2020,50,Consumer Services,Real Estate Investment Trusts
SDPI,Superior Drilling Products Inc. Common Stock,$0.78,-0.0344,-4.224%,21971887.00,,2014,49159,Energy,Metal Fabrications
SEB,Seaboard Corporation Common Stock,$3869.918,-9.192,-0.237%,4492119546.00,United States,1996,229,,
SENS,Senseonics Holdings Inc. Common Stock,$3.18,0.17,5.648%,1418224894.00,United States,,5038964,Health Care,Medical Specialities
SIF,SIFCO Industries Inc. Common Stock,$8.84,0.42,4.988%,52943900.00,United States,,597,Capital Goods,Office Equipment/Supplies/Services
SILV,SilverCrest Metals Inc. Common Shares,$7.945,-0.005,-0.063%,1153205341.00,,2018,153183,Capital Goods,Industrial Machinery/Components
SIM,Grupo Simec S.A.B. de C.V. American Depositary Shares,$23.25,0.00,0.00%,3586540908.00,Mexico,1993,30,Basic Industries,Aluminum
SLI,Standard Lithium Ltd. Common Shares,$9.1251,-0.2749,-2.924%,1468361059.00,,2021,1006496,,
SMTS,Sierra Metals Inc. Common Stock,$1.3892,-0.0208,-1.475%,226995280.00,,,66987,,
SNMP,Evolve Transition Infrastructure LP Common Stock,$0.752,0.0231,3.169%,85852245.00,United States,,867607,Energy,Oil & Gas Production
SSY,SunLink Health Systems Inc. Common Stock,$1.98,0.10,5.319%,13769219.00,United States,,13694,Health Care,Medical/Nursing Services
STXS,Stereotaxis Inc. Common Stock,$6.605,0.565,9.354%,492607756.00,United States,,154972,Health Care,Biotechnology: Electromedical & Electrotherapeutic Apparatus
SVM,Silvercorp Metals Inc. Common Shares,$3.79,-0.01,-0.263%,669104947.00,,,344243,,
SVT,Servotronics Inc. Common Stock,$12.62,0.00,0.00%,31444838.00,United States,,42,Consumer Durables,Metal Fabrications
SYN,Synthetic Biologics Inc. Common Stock,$0.3361,0.0059,1.787%,44379497.00,United States,,510176,Health Care,Biotechnology: Pharmaceutical Preparations
TELL,Tellurian Inc. Common Stock,$3.40,-0.10,-2.857%,1628617211.00,United States,,4380776,Energy,Oil & Gas Production
TELZ,Tellurian Inc. 8.25% Senior Notes due 2028,$24.95,0.03,0.12%,0.00,United States,,3076,,
TGB,Taseko Mines Ltd. Common Stock,$2.145,-0.015,-0.694%,609086030.00,Canada,,505658,,
THM,International Tower Hill Mines Ltd. Ordinary Shares (Canada),$0.7327,-0.0045,-0.61%,142809226.00,Canada,,16216,,
TKAT,Takung Art Co. Ltd. Common Stock,$4.70,0.20,4.444%,65599559.00,,,87814,Consumer Services,Catalog/Specialty Distribution
TMBR,Timber Pharmaceuticals Inc. Common Stock,$0.4407,0.0349,8.60%,28114972.00,United States,2015,1300335,Consumer Durables,Specialty Chemicals
TMP,Tompkins Financial Corporation Common Stock,$79.64,0.23,0.29%,1167458290.00,United States,,6595,Finance,Major Banks
TMQ,Trilogy Metals Inc. Common Stock,$1.77,0.02,1.143%,255679128.00,Canada,,43491,,
TPHS,Trinity Place Holdings Inc. Common Stock,$1.88,-0.03,-1.571%,66389414.00,,,6860,Consumer Services,Real Estate
TRT,Trio-Tech International Common Stock,$9.22,0.22,2.444%,36420660.00,United States,,116557,Technology,Industrial Machinery/Components
TRX,Tanzanian Gold Corporation Common Stock,$0.4074,0.004,0.992%,103834265.00,Canada,,214869,,
UAMY,United States Antimony Corporation Common Stock,$0.6235,0.0305,5.143%,66164476.00,United States,,390133,,
UAVS,AgEagle Aerial Systems Inc. Common Stock,$2.2999,0.1699,7.977%,173211672.00,United States,,1471332,,
UEC,Uranium Energy Corp. Common Stock,$3.715,0.115,3.194%,975831220.00,Canada,,3802407,Basic Industries,Other Metals and Minerals
UFAB,Unique Fabricating Inc. Common Stock,$2.05,0.07,3.535%,24052951.00,United States,2015,28527,Capital Goods,Auto Parts:O.E.M.
URG,Ur Energy Inc Common Shares (Canada),$1.44,-0.02,-1.37%,311059476.00,Canada,,1225581,,
USAS,Americas Gold and Silver Corporation Common Shares no par value,$0.7984,0.018,2.307%,131246628.00,,2017,172280,,
UTG,Reaves Utility Income Fund Common Shares of Beneficial Interest,$33.83,0.00,0.00%,2203218128.00,United States,2004,92243,Finance,Investment Managers
UUU,Universal Security Instruments Inc. Common Stock,$4.125,0.195,4.962%,9540659.00,United States,,5072,Miscellaneous,Diversified Manufacture
UUUU,Energy Fuels Inc Ordinary Shares (Canada),$8.53,0.12,1.427%,1327444119.00,,,1165634,,
VCF,Delaware Investments Colorado Municipal Income Fund Inc  Common Stock,$14.2103,0.0003,0.002%,68736642.00,United States,1993,8216,Finance,Finance/Investors Services
VFL,Delaware Investments National Municipal Income Fund Common Stock,$14.04,0.03,0.214%,63579340.00,United States,1993,5584,Finance,Finance/Investors Services
VGZ,Vista Gold Corp Common Stock,$0.6925,-0.0175,-2.465%,81153543.00,United States,,165481,,
VHAQ,Viveon Health Acquisition Corp. Common Stock,$10.00,-0.01,-0.10%,251562500.00,,2021,500,,
VKI,Invesco Advantage Municipal Income Trust II Common Shares of Beneficial Interest (DE),$12.20,0.13,1.077%,541576922.00,United States,,34640,Finance,Finance Companies
VMM,Delaware Investments Minnesota Municipal Income Fund II Inc. Common Stock,$13.96,0.05,0.359%,160609451.00,United States,1993,18741,Finance,Finance/Investors Services
VNRX,VolitionRX Limited Common Stock,$3.25,-0.03,-0.915%,173992523.00,Singapore,2015,47407,Health Care,Biotechnology: Biological Products (No Diagnostic Substances)
VOLT,Volt Information Sciences Inc. Common Stock,$2.87,-0.03,-1.034%,63367528.00,United States,,57048,Technology,Diversified Commercial Services
WBEV,Winc Inc. Common Stock,$8.3221,-0.1479,-1.746%,109379175.00,,2021,22305,Consumer Non-Durables,Beverages (Production/Distribution)
WLMS,Williams Industrial Services Group Inc. Common Stock,$3.4901,0.2301,7.058%,90447694.00,,2021,52308,Capital Goods,Engineering & Construction
WRN,Western Copper and Gold Corporation Common Stock,$1.40,0.00,0.00%,211996575.00,Canada,2011,43072,,
WTT,Wireless Telecom Group  Inc. Common Stock,$1.7897,0.0097,0.545%,40127191.00,United States,,4850,Capital Goods,Telecommunications Equipment
WWR,Westwater Resources Inc. Common Stock,$2.99,0.25,9.124%,105467056.00,United States,,496294,Basic Industries,Other Metals and Minerals
WYY,WidePoint Corporation Common Stock,$4.28,0.01,0.234%,39111265.00,United States,,37820,Technology,EDP Services
XPL,Solitario Zinc Corp. Common Stock,$0.507,0.0342,7.234%,29880754.00,United States,,61359,Basic Industries,Metal Mining
XTNT,Xtant Medical Holdings Inc. Common Stock,$0.7502,-0.0081,-1.068%,65114490.00,United States,,55931,Health Care,Medical Specialities
YCBD,cbdMD Inc. Common Stock,$1.48,-0.01,-0.671%,85510093.00,United States,2017,158770,Health Care,Biotechnology: Pharmaceutical Preparations
YCBD^A,cbdMD Inc. 8.0% Series A Cumulative Convertible Preferred Stock,$5.68,0.1003,1.798%,,United States,,12291,,
ZDGE,Zedge Inc. Class B Common Stock ,$9.60,0.39,4.235%,138106214.00,,2016,38714,Technology,Internet and Information Services
ZOM,Zomedica Corp. Common Shares,$0.39,0.0169,4.53%,382158921.00,United States,2017,9450040,,
